num,title
695,Journal of Modelling in Management
267,Harvard Business Review
278,Human Resource Development Quarterly
348,International Journal of Contemporary Hospitality Management
340,International Journal of Business and Systems Research
298,Industrial Marketing Management
352,International Journal of Data and Network Science
768,Journal of health organization and management
689,Journal of Marketing Management
823,Managerial Auditing Journal
525,"Journal of Asian Finance, Economics and Business"
1030,The International Journal of Management
946,Safety Science
430,International Journal of Organizational Analysis
795,Leadership Quarterly
307,Information Systems Management
630,Journal of Hospitality and Tourism Insights
550,Journal of Cleaner Production
428,International Journal of Operational Research
910,Reference Services Review
570,Journal of Developmental Entrepreneurship
437,International Journal of Productivity and Performance Management
930,Review of Industrial Organization
28,Advanced Science Letters
1059,The Journal of applied psychology
306,Information Sciences
811,Management Decision
705,Journal of Organizational Change Management
579,Journal of Economics and Finance
79,Banks and Bank Systems
407,International Journal of Lean Six Sigma
840,Mediterranean journal of social sciences
193,Entrepreneurial Business and Economics Review
1113,VINE Journal of Information and Knowledge Management Systems
1024,The International Food and Agribusiness Management Review
858,Organization Science
986,Studies in Economics and Finance
190,Engineering Optimization
269,Health Communication
745,Journal of Social Work
506,Journal of Advanced Research in Law and Economics
758,Journal of Transport and Supply Chain Management
358,International Journal of Economics and Business Research
427,International Journal of Occupational Safety and Ergonomics
1082,Tourism Management Perspectives
875,Polish journal of management studies
684,Journal of Marketing
1037,The Journal of Applied Behavioral Science
415,International Journal of Management and Decision Making
784,Journal of the Transportation Research Forum
378,International Journal of Financial Research
326,International Journal of Advertising
700,Journal of Operations Management
287,IEEE Transactions on Engineering Management
704,Journal of Organizational Behavior Management
369,International Journal of Engineering Business Management
1077,Tobacco Control
652,Journal of International Business Studies
1075,Thunderbird International Business Review
1086,Tourism and Hospitality Research
181,Emerging Markets Finance and Trade
1064,The North American Journal of Economics and Finance
1039,The Journal of Business
276,Human Relations
723,Journal of Relationship Marketing
1038,"The Journal of Asian Finance, Economics and Business"
44,Appetite
701,Journal of Operations and Supply Chain Management
738,Journal of Services Marketing
204,Estudios Gerenciales
743,Journal of Social Marketing
333,International Journal of Business Excellence
1009,The Annals of Regional Science
593,Journal of Entrepreneurship and Public Policy
692,Journal of Marketing for Higher Education
510,Journal of Advertising Research
812,Management International Review
367,International Journal of Energy Economics and Policy
34,"African Journal of Science, Technology, Innovation and Development"
538,Journal of Business Venturing Insights
817,Management Science Letters
533,Journal of Business Ethics
1083,Tourism Recreation Research
541,Journal of Business-to-Business Marketing
97,Business Strategy and the Environment
576,Journal of Economic Psychology
397,International Journal of Innovation and Technology Management
901,Qualitative Research in Financial Markets
416,International Journal of Management and Enterprise Development
791,Kybernetes
727,Journal of Retailing and Consumer Services
299,Industrial and Commercial Training
319,International Business Review
196,Entrepreneurship and Sustainability Issues
1029,The International Journal of Logistics Management
703,Journal of Organizational Behavior
67,Asian Journal of Communication
1081,Tourism Management
360,International Journal of Educational Management
78,Baltic Journal of Management
972,Society and Business Review
17,Accounting Organizations and Society
43,Annals of Tourism Research
233,European journal of social sciences
29,Advances in Accounting
547,Journal of Chinese Economic and Foreign Trade Studies
918,Research in World Economy
459,International Journal of Supply Chain Management
843,Nankai Business Review International
217,European Journal of Innovation Management
69,Asian Journal of Technology Innovation
960,Small Group Research
290,IET Networks
443,International Journal of Public Sector Performance Management
1051,The Journal of Modern Project Management
961,"Smart Innovation, Systems and Technologies"
495,Intertax
257,Global Business Review
318,International Business Management
363,International Journal of Electronic Customer Relationship Management
75,Australasian Marketing Journal
618,Journal of General Management
179,Electronic Markets
663,Journal of Islamic Marketing
394,International Journal of Innovation Science
1065,The Qualitative Report
482,International Public Management Journal
1041,The Journal of Entrepreneurship
423,International Journal of Mentoring and Coaching in Education
227,European Management Journal
55,Asia Pacific Journal of Management
527,Journal of Banking and Finance
1122,World Development
70,Asian Review of Accounting
984,Structural Change and Economic Dynamics
84,Brazilian Business Review
321,International Entrepreneurship and Management Journal
920,Resources Conservation and Recycling
591,Journal of Entrepreneurship Education
958,Small Business Economics
1072,The Tqm Journal
713,Journal of Product Innovation Management
21,Accounting in Europe
509,Journal of Advertising
364,International Journal of Electronic Marketing and Retailing
339,International Journal of Business and Society
223,European Journal of Tourism Research
138,Critical Perspectives on Accounting
673,Journal of Management Control
472,International Journal of Tourism Research
1092,Transport Problems
197,Environment and Planning A
513,Journal of Air Transport Management
375,International Journal of Entrepreneurship and Small Business
464,"International Journal of Technological Learning, Innovation and Development"
449,International Journal of Services and Operations Management
878,Problems and Perspectives in Management
421,International Journal of Manpower
815,Management Review Quarterly
664,Journal of Korea Trade
560,Journal of Consumer Psychology
241,Financial Analysts Journal
180,Emerald Emerging Markets Case Studies
1048,The Journal of Investing
585,Journal of Electronic Commerce Research
126,Construction Management and Economics
880,Proceedings of the ACM on Human-Computer Interaction
65,Asian Journal of Business Ethics
990,Sustainability
448,International Journal of Risk Assessment and Management
374,International Journal of Entrepreneurship and Innovation Management
372,International Journal of Entrepreneurial Venturing
353,International Journal of Development Issues
776,Journal of the Asia Pacific Economy
27,Administrative Sciences
357,International Journal of Economics and Business Administration
512,Journal of Agribusiness in Developing and Emerging Economies
523,Journal of Asia-Pacific Business
783,Journal of the Operational Research Society
429,International Journal of Organization Theory and Behavior
281,Human Resource Management International Digest
632,Journal of Hospitality and Tourism Technology
947,Safety and Health at Work
46,Applied Economics Letters
1056,The Journal of Social Sciences Research
463,International Journal of Sustainable Transportation
311,Innovations
532,Journal of Business Economics and Management
153,Digital Journalism
1028,The International Journal of Human Resource Management
572,Journal of Distribution Science
142,Current Issues in Tourism
419,International Journal of Managerial and Financial Accounting
411,International Journal of Logistics Systems and Management
406,International Journal of Law and Management
1047,The Journal of Internet Banking and Commerce
847,OPSEARCH
1091,Transport Policy
859,Organization Studies
238,Family Business Review
653,Journal of International Consumer Marketing
882,Production and Operations Management
195,Entrepreneurship Theory and Practice
156,EDPACS
589,Journal of Engineering Education
749,Journal of Strategy and Management
849,Oeconomia Copernicana
246,Foods
282,Human Resource Management Journal
368,International Journal of Energy Sector Management
303,Industry and Innovation
536,Journal of Business Strategy
610,Journal of Financial Reporting and Accounting
18,Accounting Research Journal
881,Proceedings of the Association for Information Science and Technology
247,Foresight
636,Journal of Industrial Engineering and Management
388,International Journal of Industrial Ergonomics
680,Journal of Management and Governance
619,Journal of Global Fashion Marketing
478,International Journal of Workplace Health Management
511,Journal of African Business
627,Journal of Heuristics
1000,Technological Forecasting and Social Change
403,International Journal of Islamic and Middle Eastern Finance and Management
835,Measuring Business Excellence
542,Journal of Career Assessment
49,Applied ergonomics
1022,The Geneva Papers on Risk and Insurance - Issues and Practice
390,International Journal of Information Science and Management
359,International Journal of Economics and Financial Issues
546,Journal of China Tourism Research
995,Systemic Practice and Action Research
433,International Journal of Procurement Management
1049,The Journal of Men's Studies
892,Public Management Review
799,Leisure Studies
134,Corporate Ownership and Control
150,Development Southern Africa
105,Central European Business review
1052,The Journal of Portfolio Management
123,Communications
373,International Journal of Entrepreneurship
337,International Journal of Business and Emerging Markets
148,Decision Science Letters
111,China journal of accounting research
12,Accident; analysis and prevention
861,Organizational Dynamics
792,Land Use Policy
473,International Journal of Trade and Global Markets
1068,The Service Industries Journal
1104,Transportation Research Part E: Logistics and Transportation Review
1087,Tourism hospitality management
830,Marketing Letters
592,Journal of Entrepreneurship and Innovation in Emerging Economies
535,Journal of Business Research
558,Journal of Consumer Marketing
931,Review of Managerial Science
453,International Journal of Social Economics
780,Journal of the Knowledge Economy
86,British Food Journal
10,Academy of Marketing Studies Journal
109,China Finance Review International
933,Review of Public Personnel Administration
824,Managerial Finance
344,International Journal of Communication
283,Human Resource Management Review
507,Journal of Advanced Transportation
338,International Journal of Business and Globalisation
435,International Journal of Production Economics
228,European Planning Studies
41,Anatolia
504,Journal of Accounting and Public Policy
168,Economics Bulletin
879,Problems and perspectives in management
50,Arab Law Quarterly
725,Journal of Research in Marketing and Entrepreneurship
980,Strategic Direction
1057,The Journal of Technology Transfer
1099,Transportation Research Part A-policy and Practice
698,Journal of Occupational and Organizational Psychology
1018,The Engineering Economics
608,Journal of Financial Management of Property and Construction
371,International Journal of Enterprise Network Management
160,Ecological Economics
682,Journal of Managerial Psychology
133,Corporate Governance
1126,World Sustainability Series
949,Scandinavian Journal of Management
691,Journal of Marketing Theory and Practice
72,Auditing
577,Journal of Economic Studies
1003,Technology in Society
730,Journal of Risk Research
1095,Transportation Journal
144,Current Psychology
297,Industrial Engineering and Management Systems
395,International Journal of Innovation and Learning
503,Journal of Accounting and Economics
537,Journal of Business Venturing
332,International Journal of Business Environment
438,International Journal of Productivity and Quality Management
198,"Environment, Development and Sustainability"
113,Chinese Management Studies
101,California Management Review
211,European Business Review
176,Education and Information Technologies
614,Journal of Financial Stability
226,European Journal of Work and Organizational Psychology
828,Marine Policy
393,International Journal of Innovation Management
987,Studies in Higher Education
220,European Journal of Marketing
426,International Journal of Nonprofit and Voluntary Sector Marketing
261,Global Journal of Flexible Systems Management
58,Asia-Pacific Journal of Financial Studies
1012,The Australian journal of emergency management
184,Employee Relations
951,Science and Public Policy
674,Journal of Management Development
752,Journal of Sustainable Tourism
785,Journalism
382,International Journal of Geographical Information Science
963,Social Enterprise Journal
1002,Technology Innovation Management Review
769,Journal of innovation management
508,Journal of Advances in Management Research
436,International Journal of Production Research
365,International Journal of Emergency Management
95,Business Research
320,International Education Studies
964,Social Indicators Research
110,China Journal of Accounting Studies
988,Supply Chain Management
586,Journal of Emerging Market Finance
911,Regional Studies
71,Asian Social Science
836,Media and Communication
5,Academy of Entrepreneurship Journal
641,Journal of Information Systems
708,Journal of Personal Selling and Sales Management
16,Accounting Horizons
1103,Transportation Research Part D: Transport and Environment
955,Serbian Journal of Management
45,Applied Economics
568,Journal of Decision Systems
56,Asia Pacific Journal of Marketing and Logistics
999,Team Performance Management
696,Journal of Money Laundering Control
744,Journal of Social Sciences
635,Journal of Industrial Ecology
971,Social science research
203,Ergonomics
685,Journal of Marketing Analytics
1020,The European Journal of Finance
384,International Journal of Hospitality Management
820,Management and Marketing
329,International Journal of Bank Marketing
611,Journal of Financial Research
177,Educational Research Review
934,Review of Quantitative Finance and Accounting
355,International Journal of Disclosure and Governance
434,International Journal of Product Development
1106,Transportmetrica A: Transport Science
869,Personnel Review
1071,The TQM Journal
500,Jordan Journal of Business Administration
832,Marketing Theory
1035,The Journal of Agricultural Education and Extension
154,Disasters
531,Journal of Business Economics
889,Psychology Research and Behavior Management
891,Public Administration Review
171,"Economics, Management, and Financial Markets"
13,Accounting
913,Research Journal of Business Management
978,Sport Management Review
699,"Journal of Open Innovation: Technology, Market, and Complexity"
439,International Journal of Project Management
362,International Journal of Electronic Commerce
104,Case studies on transport policy
687,Journal of Marketing Communications
926,Review of Behavioral Finance
370,International Journal of Engineering Education
143,Current Opinion in Environmental Sustainability
1100,Transportation Research Part A: Policy and Practice
757,Journal of Transport Geography
467,International Journal of Technology Management
722,Journal of Quality in Maintenance Engineering
615,Journal of Financial and Quantitative Analysis
602,Journal of Family Business Management
336,International Journal of Business Performance Management
580,Journal of Ecotourism
773,Journal of small business and entrepreneurship
42,Annals of Operations Research
317,International Advances in Economic Research
380,International Journal of Forecasting
803,Library Review
714,Journal of Promotion Management
917,Research in Transportation Economics
264,Governance
571,"Journal of Direct, Data and Digital Marketing Practice"
565,Journal of Creating Value
1007,The Accounting Review
922,"Resources, Conservation and Recycling"
658,Journal of International Marketing
561,Journal of Consumer Research
1096,Transportation Letters
637,Journal of Industrial Relations
136,Corporate Social Responsibility and Environmental Management
243,Financial Management
732,Journal of Scheduling
1031,The International Journal of Management Education
522,Journal of Asia Business Studies
774,Journal of the Academy of Marketing Science
252,Gadjah Mada International Journal of Business
770,Journal of international business education
760,Journal of Travel Research
660,Journal of International Studies
553,Journal of Communication Management
779,Journal of the International Academy of Case Studies
909,Records Management Journal
1079,Tourism Economics
1069,The Singapore Economic Review
216,European Journal of Information Systems
562,Journal of Corporate Finance
324,International Journal of Accounting and Information Management
766,Journal of emergency management
747,Journal of Statistical Computation and Simulation
4,Academy of Accounting and Financial Studies Journal
1015,The College Mathematics Journal
1,ABAC Journal
966,Social Responsibility Journal
413,International Journal of Management Science and Engineering Management
51,Architectural Engineering and Design Management
418,International Journal of Managerial Finance
810,Management Communication Quarterly
398,International Journal of Integrated Supply Management
833,Mass Communication and Society
230,European Research on Management and Business Economics
742,Journal of Social Entrepreneurship
549,Journal of Civil Engineering and Management
1063,The Multinational Business Review
761,Journal of Vacation Marketing
178,Electronic Commerce Research
623,Journal of Global Responsibility
643,Journal of Information Technology Teaching Cases
37,Air and Space Law
825,Managerial and Decision Economics
845,Nonprofit and Voluntary Sector Quarterly
569,Journal of Destination Marketing and Management
491,International journal of environmental and science education
315,"Interdisciplinary Journal of Information, Knowledge, and Management"
1053,The Journal of Private Equity
671,Journal of Management
215,European Journal of Industrial Relations
208,European Accounting Review
342,International Journal of Clothing Science and Technology
798,Learned Publishing
873,Place Branding and Public Diplomacy
932,Review of Pacific Basin Financial Markets and Policies
609,Journal of Financial Regulation and Compliance
724,Journal of Research in Interactive Marketing
844,New Library World
493,International journal of health care quality assurance
249,Frontiers in Psychology
941,SAGE Open
883,Profesional De La Informacion
814,Management Research Review
420,International Journal of Managing Projects in Business
728,Journal of Revenue and Pricing Management
543,Journal of Career Development
77,Australian Journal of Management
688,Journal of Marketing Education
159,Eastern-European Journal of Enterprise Technologies
76,Australian Accounting Review
48,Applied Psychology
772,Journal of outdoor recreation and tourism
476,International Journal of Wine Business Research
300,Industrial and Corporate Change
231,European Sport Management Quarterly
800,Library Hi Tech News
754,Journal of Tourism Futures
952,Science and innovation
603,Journal of Family Business Strategy
229,European Research Studies Journal
1127,Worldwide Hospitality and Tourism Themes
1006,The Academy of Management Annals
490,International journal of disaster risk reduction
1019,The Engineering Economist
214,European Journal of Engineering Education
235,Event Management
66,Asian Journal of Business and Accounting
886,Project Management Journal
325,"International Journal of Accounting, Auditing and Performance Evaluation"
335,International Journal of Business Innovation and Research
794,Leadership
968,Social Sciences
1050,"The Journal of Mental Health Training, Education and Practice"
929,Review of Financial Economics
102,Career Development International
877,Prabandhan: Indian Journal of Management
379,International Journal of Financial Studies
376,International Journal of Event and Festival Management
899,Publishing Research Quarterly
386,International Journal of Human Resources Development and Management
852,Operations Management Research
667,Journal of Librarianship and Information Science
330,International Journal of Business Communication
739,Journal of Small Business Management
191,"Engineering, Construction and Architectural Management"
906,Quantitative Finance
224,European Journal of Training and Development
1054,The Journal of Real Estate Finance and Economics
455,International Journal of Sport Management and Marketing
1090,Transnational Corporations Review
642,Journal of Information Technology
750,Journal of Supply Chain Management
1004,Technovation
445,International Journal of Quality and Service Sciences
347,International Journal of Consumer Studies
942,Sa Journal of Human Resource Management
775,Journal of the Acoustical Society of America
530,Journal of Brand Management
1084,Tourism Review
822,Management and Production Engineering Review
381,International Journal of Gender and Entrepreneurship
1016,The Design Journal
1107,Transylvanian Review
2,AMS Review
88,Building and Environment
992,Sustainability Science
683,Journal of Manufacturing Technology Management
107,China Agricultural Economic Review
200,Environmental Impact Assessment Review
597,Journal of Environmental Planning and Management
895,Public Personnel Management
410,International Journal of Logistics Research and Applications
284,Human systems management
690,Journal of Marketing Research
706,"Journal of Organizational Culture, Communications and Conflict"
92,Business Horizons
3,Academic Journal of Interdisciplinary Studies
39,American Book Review
485,International Review of Management and Marketing
694,Journal of Mixed Methods Research
948,Scandinavian Journal of Hospitality and Tourism
904,Quality and Reliability Engineering International
460,International Journal of Sustainability in Higher Education
540,Journal of Business and Psychology
366,International Journal of Emerging Markets
470,International Journal of Tourism Cities
806,Long Range Planning
9,Academy of Management Review
944,Safer Communities
189,Engineering Management in Production and Services
734,Journal of Security and Sustainability Issues
280,Human Resource Management
897,Public Relations Review
555,Journal of Consumer Affairs
313,Intangible Capital
552,Journal of Communication
237,Facilities
834,Measurement
862,Organizational Psychology Review
670,Journal of Macromarketing
128,Contemporary Management Research
544,Journal of Change Management
813,Management Learning
677,Journal of Management Information Systems
63,Asian Economic and Financial Review
979,Strategic Change
943,Sa Journal of Industrial Psychology
736,Journal of Service Research
312,Innovative Marketing
771,Journal of occupational health psychology
199,Environmental Economics
354,International Journal of Disaster Risk Reduction
205,"Eurasia journal of mathematics, science and technology education"
1120,"Work, Aging and Retirement"
735,Journal of Service Management
96,Business Strategy and The Environment
601,Journal of Facilities Management
194,Entrepreneurship Research Journal
501,Journal for East European Management Studies
1102,Transportation Research Part C: Emerging Technologies
81,Behavioral Research in Accounting
232,European Transport Research Review
188,Engineering Management Journal
518,Journal of Applied Psychology
534,Journal of Business Logistics
114,Cities
954,Scientometrics
400,International Journal of Intelligent Enterprise
529,Journal of Behavioral and Experimental Finance
236,FIIB Business Review
183,Empirical Economics
6,Academy of Management Journal
262,Global Strategy Journal
402,International Journal of Internet Marketing and Advertising
57,Asia Pacific Journal of Tourism Research
748,Journal of Strategic Marketing
351,International Journal of Customer Relationship Marketing and Management
621,Journal of Global Marketing
152,Developments in Marketing Science: Proceedings of the Academy of Marketing Science
662,Journal of Islamic Accounting and Business Research
1025,The International Journal of Accounting
647,Journal of Intelligence
8,Academy of Management Perspectives
596,Journal of Environmental Assessment Policy and Management
983,Strategic Organization
331,International Journal of Business Continuity and Risk Management
295,Indian Journal of Finance
240,Finance Research Letters
616,Journal of Food Products Marketing
924,Review of Accounting Studies
85,British Accounting Review
489,International journal of business
244,Flexible Services and Manufacturing Journal
1124,"World Review of Entrepreneurship, Management and Sustainable Development"
53,Asia Pacific Business Review
829,Marketing Education Review
488,International Small Business Journal
646,Journal of Intellectual Capital
161,Ecological Indicators
816,Management Science
649,Journal of Interactive Marketing
631,Journal of Hospitality and Tourism Management
921,Resources Policy
167,Economic and Industrial Democracy
291,Iet Intelligent Transport Systems
551,Journal of Commercial Biotechnology
83,Borsa Istanbul Review
399,International Journal of Intellectual Property Management
120,Communication Research
741,Journal of Small Business and Enterprise Development
720,Journal of Purchasing and Supply Management
613,Journal of Financial Services Research
130,Contributions to Management Science
721,Journal of Quality Technology
389,International Journal of Industrial Organization
82,Behavioral Sciences
981,Strategic Entrepreneurship Journal
676,Journal of Management History
578,Journal of Economics and Business
900,Qualitative Research Journal
1014,The Chinese Economy
35,Agribusiness
1110,Universia Business Review
821,Management and Organization Review
1118,Webology
665,Journal of Korean Academy of Nursing Administration
497,Investment Management and Financial Innovations
765,Journal of World Business
446,International Journal of Research in Marketing
872,Philosophy of Management
19,Accounting and Business Research
481,International Marketing Review
1013,The Case Journal
629,Journal of Historical Research in Marketing
218,European Journal of International Management
124,Computational Economics
1026,The International Journal of Entrepreneurship and Innovation
718,Journal of Public Procurement
163,Economic Analysis and Policy
855,Optimization Letters
286,IEEE Engineering Management Review
554,Journal of Computer Information Systems
996,Systems Research and Behavioral Science
346,International Journal of Construction Management
221,European Journal of Risk Regulation
350,"International Journal of Culture, Tourism and Hospitality Research"
22,Acta Commercii
30,Advances in Developing Human Resources
322,International Food and Agribusiness Management Review
155,E-Journal of international and comparative labour studies
764,Journal of Workplace Learning
192,Enterprise Information Systems
1123,"World Journal of Entrepreneurship, Management and Sustainable Development"
805,Logistics Research
387,International Journal of Humanâ€“Computer Interaction
808,Management
595,"Journal of Entrepreneurship, Management and Innovation"
469,"International Journal of Technology, Policy and Management"
68,Asian Journal of Management Cases
73,Australasian Journal of Construction Economics and Building
158,EUROPEAN RESEARCH STUDIES JOURNAL
422,International Journal of Market Research
202,Equilibrium. Quarterly Journal of Economics and Economic Policy
1101,Transportation Research Part B: Methodological
90,Business Ethics Quarterly
106,Central European Journal of Operations Research
583,Journal of Educational Administration
454,International Journal of Sociology and Social Policy
182,Emerging Markets Review
976,South Asian Journal of Business and Management Cases
377,"International Journal of Fashion Design, Technology and Education"
302,Industry and Higher Education
458,International Journal of Strategic Property Management
1088,Traffic Injury Prevention
147,DECISION
865,Performance Measurement and Metrics
762,Journal of Vocational Behavior
726,Journal of Retailing
164,Economic Geography
890,Public Administration
25,Action Learning: Research and Practice
210,European Business Organization Law Review
162,Economic Alternatives
1133,on The Horizon
62,Asian Case Research Journal
308,Information Technology and Management
54,Asia Pacific Journal of Human Resources
305,Information Development
385,International Journal of Housing Markets and Analysis
127,Contemporary Accounting Research
47,Applied Financial Economics
737,Journal of Service Theory and Practice
256,Geojournal of Tourism and Geosites
707,Journal of Organizational Ethnography
266,Habitat International
678,Journal of Management Inquiry
492,International journal of evidence based coaching and mentoring
962,Social Behavior and Personality
885,Progress in geography
11,Academy of Strategic Management Journal
516,Journal of Applied Business Research
1111,Urban Studies
1010,The Anthropologist
751,Journal of Sustainable Development
908,RAUSP Management Journal
582,Journal of Education for Business
341,International Journal of Climate Change Strategies and Management
119,Communicatio
902,Quality Assurance in Education
296,Indian Journal of Marketing
801,Library Management
950,Science and Engineering Ethics
876,Pomorstvo
796,Leadership in Health Services
991,"Sustainability Accounting, Management and Policy Journal"
548,Journal of Chinese Human Resource Management
634,Journal of Indonesian Economy and Business
617,Journal of Futures Markets
157,EURO Journal on Transportation and Logistics
444,International Journal of Qualitative Methods
468,International Journal of Technology Marketing
850,Omega
222,European Journal of Sustainable Development
1011,The Australasian Accounting Business and Finance Journal
431,International Journal of Pharmaceutical and Healthcare Marketing
1108,Uncertain Supply Chain Management
1066,The Quarterly Review of Economics and Finance
993,Sustainable Cities and Society
605,Journal of Financial Crime
939,Risks
212,European Company and Financial Law Review
864,Pacific Accounting Review
788,Jurnal Komunikasi: Malaysian Journal of Communication
1017,The Economic and Labour Relations Review
515,Journal of Applied Accounting Research
989,Survey research methods
756,Journal of Transnational Management
277,Human Resource Development International
165,Economic Modelling
328,International Journal of Automotive Technology and Management
440,International Journal of Project Organisation and Management
139,Critical Perspectives on International Business
669,Journal of Loss Prevention in The Process Industries
103,Case Studies on Transport Policy
145,Current opinion in psychology
857,Organization
442,International Journal of Public Sector Management
848,OR Spectrum
1115,Vine
1034,The Journal of Adult Protection
782,Journal of the Korean Society of Clothing and Textiles
279,Human Resource Development Review
856,Organizacija
887,Property Management
1117,Water Policy
432,International Journal of Process Management and Benchmarking
919,Research in transportation business and management
656,Journal of International Logistics and Trade
20,Accounting and Finance
672,Journal of Management Accounting Research
985,Studies in Business and Economics
301,Industrial and Organizational Psychology
1085,Tourism Review International
391,International Journal of Information and Education Technology
846,Nordic Journal of Working Life Studies
260,Global Finance Journal
1027,The International Journal of Higher Education
498,Iranian Journal of Management Studies
121,Communication Research Reports
414,International Journal of Management and Business Research
141,Current Issues in Auditing
657,Journal of International Management
729,Journal of Reviews on Global Economics
1055,The Journal of Risk Finance
564,Journal of Corporate Real Estate
624,Journal of Governance and Regulation
519,Journal of Applied Research in Higher Education
524,Journal of Asian Architecture and Building Engineering
383,International Journal of Globalisation and Small Business
1008,The American Review of Public Administration
655,"Journal of International Financial Markets, Institutions and Money"
118,Collection Building
505,Journal of Advanced Manufacturing Systems
401,International Journal of Intercultural Relations
242,Financial Innovation
146,"Cyberpsychology, behavior and social networking"
424,"International Journal of Mining, Reclamation and Environment"
343,International Journal of Commerce and Management
499,Issues in Accounting Education
907,Quantitative Marketing and Economics
272,"Higher Education, Skills and Work-Based Learning"
268,Health Care Management Review
604,Journal of Fashion Marketing and Management
997,TEM Journal
1043,The Journal of High Technology Management Research
787,Journalism Studies
91,Business History
304,Info
59,Asia-pacific Journal of Business Administration
905,"Quality, Innovation, Prosperity"
1062,The Learning Organization
207,Euromed Journal of Business
38,American Behavioral Scientist
1023,The Health Care Manager
1005,Telecommunications Policy
447,International Journal of Revenue Management
7,Academy of Management Learning and Education
715,Journal of Psychology in Africa
914,Research Policy
1001,Technological and Economic Development of Economy
638,Journal of Industrial and Management Optimization
945,Safety
868,Personnel Psychology
248,Forest Policy and Economics
940,SA Journal of Human Resource Management
711,"Journal of Policy Research in Tourism, Leisure and Events"
528,Journal of Behavioral Finance
1097,Transportation Planning and Technology
1093,Transport Reviews
839,Mediterranean Journal of Social Sciences
556,Journal of Consumer Behaviour
23,Acta Oeconomica
860,Organizational Behavior and Human Decision Processes
831,Marketing Science
894,Public Performance & Management Review
778,Journal of the Association for Information Science and Technology
759,Journal of Transportation Systems Engineering and Information Technology
245,Food Policy
1121,"Work, Employment and Society"
1114,Venture Capital
234,Evaluation and program planning
763,Journal of Workplace Behavioral Health
626,Journal of Health Communication
1073,The asian journal of shipping and logistics
412,International Journal of Management Practice
1080,Tourism Geographies
1112,Utilities Policy
15,Accounting Forum
581,Journal of Education and Work
526,Journal of Asset Management
819,Management and Labour Studies
781,Journal of the Korean Society for Railway
818,Management Systems in Production Engineering
1060,The Journal of international studies
628,Journal of Higher Education Policy and Management
1094,Transportation
209,European Business Law Review
612,Journal of Financial Services Marketing
974,South African Journal of Business Management
1040,The Journal of Developing Areas
1131,foresight
923,Restaurant Business
717,Journal of Public Affairs
866,Periodica Polytechnica Social and Management Sciences
409,International Journal of Learning and Intellectual Capital
87,British Journal of Management
487,International Review on Public and Nonprofit Marketing
841,Mental Health and Social Inclusion
731,Journal of Rural Studies
620,Journal of Global Information Technology Management
666,"Journal of Legal, Ethical and Regulatory Issues"
452,International Journal of Social Ecology and Sustainable Development
425,International Journal of Monetary Economics and Finance
903,Quality Management Journal
842,Montenegrin journal of economics
417,International Journal of Management and Sustainability
786,Journalism Practice
851,Operational Research
1042,The Journal of Extension
1105,Transportation Research Part F: Traffic Psychology and Behaviour
967,Social Science Computer Review
288,IEEE Transactions on Professional Communication
1032,"The International Review of Retail, Distribution and Consumer Research"
201,Environmental innovation and societal transitions
456,International Journal of Sports Marketing and Sponsorship
927,Review of Economics and Finance
480,International Journal on Food System Dynamics
250,Frontiers of Business Research in China
36,Agricultural Finance Review
557,Journal of Consumer Culture
871,Pesquisa Operacional
258,Global Business and Economics Review
255,Geographical Research
462,International Journal of Sustainable Society
451,International Journal of Shipping and Transport Logistics
716,Journal of Public Administration Research and Theory
588,Journal of Empirical Finance
169,Economics Letters
52,Archives of Design Research
94,Business Perspectives and Research
1130,e-review of tourism research
982,Strategic Management Journal
916,Research in International Business and Finance
131,Cornell Hospitality Quarterly
186,Energy Economics
24,Acta Psychologica Sinica
345,International Journal of Conflict Management
1045,The Journal of Index Investing
1128,Young Consumers
1070,The Social Sciences
441,International Journal of Public Administration
132,"Corporate Board: role, duties and composition"
870,Pertanika journal of social science and humanities
697,Journal of Multinational Financial Management
174,Education + Training
461,International Journal of Sustainable Development and Planning
710,Journal of Place Management and Development
170,Economics of Innovation and New Technology
1076,Tizard Learning Disability Review
925,Review of Accounting and Finance
573,Journal of East-West Business
474,International Journal of Urban Sciences
1078,Tourism Analysis
1129,Yugoslav Journal of Operations Research
172,Economies
187,Energy research and social science
361,International Journal of Electrical Engineering Education
959,Small Enterprise Research
651,"Journal of International Accounting, Auditing and Taxation"
686,Journal of Marketing Channels
1061,The Journal of the Acoustical Society of America
108,China Economic Review
1125,World Review of Intermodal Transportation Research
486,International Review of Public Administration
275,Human Performance
956,Service Business
957,Services Marketing Quarterly
838,Meditari Accountancy Research
709,Journal of Personnel Psychology
310,Innovation and Development
874,Polish Journal of Management Studies
271,Higher Education
633,Journal of Indian Business Research
681,Journal of Managerial Issues
639,"Journal of Industry, Competition and Trade"
64,Asian Education and Development Studies
254,Geoforum
115,Clean Technologies and Environmental Policy
740,Journal of Small Business Strategy
1089,"Transforming Government: People, Process and Policy"
520,Journal of Applied Social Psychology
116,Clothing and Textiles Research Journal
514,Journal of Airport Management
606,Journal of Financial Economic Policy
648,Journal of Interactive Advertising
334,International Journal of Business Governance and Ethics
292,Iimb Management Review
753,Journal of Systems Science and Information
599,Journal of European Real Estate Research
349,International Journal of Cross Cultural Management
465,International Journal of Technology
316,Interfaces
936,Review of applied socio-economic research
789,Knowledge and Process Management
405,International Journal of Knowledge-based Development
137,Creativity Research Journal
404,International Journal of Knowledge Management Studies
40,American Journal of Health Promotion
807,MIT Sloan Management Review
80,Bar. Brazilian Administration Review
994,Sustainable Development
392,International Journal of Injury Control and Safety Promotion
937,Revista De Cercetare Si Interventie Sociala
915,Research in Accounting Regulation
484,International Review of Financial Analysis
293,Indian Journal of Corporate Governance
285,Humanomics
567,Journal of Data and Information Science
797,Leadership in health services
607,Journal of Financial Economics
466,International Journal of Technology Intelligence and Planning
140,Croatian Operational Research Review
14,Accounting Education
289,IET Intelligent Transport Systems
928,Review of European Studies
273,"Higher Education, Skills and Work-based Learning"
809,Management Accounting Research
265,Group Decision and Negotiation
1109,Universal Journal of Educational Research
661,Journal of Internet Commerce
61,Asian Academy of Management Journal of Accounting and Finance
1098,Transportation Research Interdisciplinary Perspectives
893,Public Organization Review
896,Public Policy and Administration
173,Economy of region
975,South African Journal of Economic and Management Sciences
112,Chinese Journal of Communication
60,Asian Academy of Management Journal
969,Social and Environmental Accountability Journal
584,Journal of Educational and Social Research
826,Managing Service Quality
117,Cogent Social Sciences
712,Journal of Political Marketing
977,Spanish Journal of Marketing - ESIC
219,European Journal of Law and Economics
644,Journal of Innovation and Entrepreneurship
185,Employee Responsibilities and Rights Journal
854,Operations Research and Decisions
575,Journal of Economic Geography
888,Psychological Reports
953,Scientific Annals of Economics and Business
1021,The Finance
600,Journal of Evolutionary Economics
867,Personality and Individual Differences
175,Education Sciences
679,Journal of Management Studies
912,Research Evaluation
309,Information Technology for Development
837,Medical Education
0,4OR
450,"International Journal of Services, Economics and Management"
898,Public Transport
135,Corporate Reputation Review
323,International Forestry Review
457,International Journal of Strategic Communication
521,Journal of Applied Statistics
625,Journal of Happiness Studies
125,Computational and Mathematical Organization Theory
32,Africa Journal of Management
483,International Review of Administrative Sciences
559,Journal of Consumer Policy
1074,Theoretical Issues in Ergonomics Science
1044,The Journal of Hospitality Financial Management
496,Investment Analysts Journal
129,Contemporary engineering sciences
213,European Economic Review
804,Local Environment
263,Global Trade and Customs Journal
863,Organizational Research Methods
99,Business and Professional Communication Quarterly
598,Journal of Environmental Psychology
26,Administrative Science Quarterly
206,Eurasian Business Review
253,GeoJournal of Tourism and Geosites
517,Journal of Applied Communication Research
477,International Journal of Work Organisation and Emotion
259,Global Business and Organizational Excellence
274,"Housing, Care and Support"
270,Health Marketing Quarterly
98,Business and Economic Horizons
1046,The Journal of Information and Computational Science
1033,The Journal of Academic Librarianship
539,Journal of Business and Entrepreneurship
574,Journal of Economic Behavior and Organization
1132,iranian economic review
827,Managing Sport and Leisure
668,Journal of Library Administration
650,Journal of International Accounting Research
93,Business Information Review
793,Latin American Business Review
314,Interactive Learning Environments
327,International Journal of Applied Management Science
767,Journal of food distribution research
479,International Journal of the Economics of Business
645,Journal of Integrated Care
1067,The Serials Librarian
965,Social Media + Society
33,African Journal of Economic and Management Studies
1116,WMU Journal of Maritime Affairs
239,Fashion and Textiles
166,Economic Systems
790,Kuram Ve Uygulamada Egitim Bilimleri
777,Journal of the Association for Consumer Research
938,Risk Management
998,TOP
408,International Journal of Learning and Change
471,International Journal of Tourism Policy
149,Design Studies
693,Journal of Media Business Studies
1119,Wine Economics and Policy
622,Journal of Global Optimization
702,Journal of Organization Design
122,Communication Studies
675,Journal of Management Education
640,Journal of Information Science
1036,The Journal of Agricultural Extension
151,Development in Practice
746,Journal of Sport Management
494,International journal of information and management sciences
802,Library Philosophy and Practice
545,Journal of Children's Services
563,Journal of Corporate Law Studies
251,Futures
973,Socio-economic Planning Sciences
659,Journal of International Money and Finance
475,International Journal of Value Chain Management
225,European Journal of Transport and Infrastructure Research
587,Journal of Emerging Technologies in Accounting
935,Review of World Economics
566,Journal of Cultural Heritage Management and Sustainable Development
733,Journal of Science and Technology Policy Management
100,Business: Theory and Practice
502,Journal of Accounting Education
590,Journal of Enterprise Transformation
396,International Journal of Innovation and Sustainable Development
1058,The Journal of Wealth Management
970,Social media and society
594,Journal of Entrepreneurship in Emerging Economies
74,Australasian Journal of Educational Technology
356,International Journal of Economic Policy in Emerging Economies
719,Journal of Public Relations Research
654,Journal of International Entrepreneurship
755,Journal of Tourism and Cultural Change
89,Built Environment Project and Asset Management
884,Program
294,Indian Journal of Economics and Development
31,Advances in psychology
853,Operations Research Perspectives
